{"cameraMode":{"drawMode":0,"name":"Shaded","section":"Shading Mode"},"sceneLighting":true,"audioPlay":false,"sceneViewState":{"showFog":true,"showMaterialUpdate":false,"showSkybox":true,"showFlares":true,"showImageEffects":true,"showParticleSystems":true},"in2DMode":false,"pivot":{"x":0.06271839141845703,"y":1.7404885292053223,"z":0.13116979598999024},"rotation":{"x":0.08098365366458893,"y":-0.8341745138168335,"z":0.1273535192012787,"w":0.530451238155365},"size":6.000018119812012,"orthographic":false}